state,state_code,capital,lat_centroid,lon_centroid,neighboring_states,population,percentage_us_population,democrat_2016,%poor,unemployed,per capita income,extraversion,agreeableness,conscientiousness,neuroticism,openness,homicide rate (2017),gdp_pc,high school or higher,termperature,age-adjusted death rate (suicide),marriage rate,mdi,unemployment rate (2013),median family income (2013),racial segregation (2013),percent person of color (2013),gini-coefficient,firearm death rate,cultural tightness,"incarceration rate per 100,000 u.s. residents of all ages",health_insurance_Medicaid,health_insurance_Medicare,uninsured,twitter_user_count,twitter_tweet_count
Alabama,AL,Montgomery,32.806671,-86.79113,FL;GA;MS;TN,4903185,0.0148,0,21.39402985,10.1,21232.74627,55.5,52.7,55.5,48.7,42.7,8.3,36856,0.853,62.8,15.7,7.1,21.3,0.105861865,51687.5,56.34725,60.3475,0.4847,21.5,75.45,840,0.2,0.16,0.1,73329,1203352
Alaska,AK,Juneau,61.370716,-152.404419,WA,731545,0.0022,0,13.30689655,9.451724138,31052.10345,,,,,,8.4,67705,0.924,26.6,25.8,7.1,11.9,0.066989601,91622,26.189,39.67,0.4081,23.3,38.43,600,0.21,0.09,0.12,12750,282401
Arizona,AZ,Phoenix,33.729759,-111.431221,CA;CO;NM;NV;UT,7278717,0.0217,0,20.92666667,10.99333333,21786.33333,50.6,46.6,58.4,38.1,54.7,5.9,38414,0.865,60.3,17.7,5.9,14.2,0.077522304,67239.375,33.010875,40.70125,0.4713,15.2,47.56,790,0.22,0.16,0.11,131885,3194850
Arkansas,AR,Little Rock,34.969704,-92.373123,LA;MO;MS;OK;TN;TX,3017825,0.0091,0,21.232,8.189333333,20591.66667,49.9,52.7,41,56.2,40.3,8.6,36196,0.856,60.4,18.2,9.9,19.4,0.080683708,61635,55.195,52.94,0.4719,17.8,75.03,800,0.27,0.16,0.08,31884,594686
California,CA,Sacramento,36.116203,-119.681564,AZ;HI;NV;OR,39512223,0.1196,1,16.22931034,9.49137931,29025.7931,51.4,49,43.2,39.1,65,4.6,57328,0.825,59.4,10.5,6.5,18.6,0.10014754,72612.44068,28.90905085,66.9440678,0.4899,7.9,27.37,510,0.26,0.11,0.07,911014,18532126
Colorado,CO,Denver,39.059811,-105.311104,AZ;KS;NE;NM;OK;UT;WY,5758736,0.0172,1,14.021875,6.58125,28369.71875,45.3,47.5,58.8,34.3,57.9,3.9,52622,0.911,45.1,20.5,7.4,9.9,0.077062504,70390.22222,28.29588889,36.44333333,0.4586,14.3,42.92,580,0.18,0.12,0.08,114540,2387812
Connecticut,CT,Hartford,41.597782,-72.755371,MA;NY;RI,3565287,0.0108,1,9.375,7.4125,37998.125,57.6,38.6,34.2,53.4,53.9,2.8,63747,0.902,49,10.1,5.6,11.1,0.141454758,53926.2,40.4912,68.278,0.4945,4.6,36.37,420,0.21,0.14,0.05,53268,1098899
Delaware,DE,Dover,39.318523,-75.507141,MD;NJ;PA,973764,0.0029,1,12.5,7.333333333,29662.66667,47,38.8,36.5,62.4,42.7,5.6,64040,0.893,55.3,11.5,5.6,13.2,,,,,0.4522,11,51.02,690,0.21,0.17,0.06,14114,277083
Washington DC,DC,Washington,38.897438,-77.026817,MD;VA,705749,0.0021,1,17.9,8.7,48781,,,,,,,159227,,,,,,,,,,,,,,0.28,0.08,0.03,133122,3860471
Florida,FL,Tallahassee,27.766279,-81.686783,AL;GA,21477737,0.0644,0,17.77761194,9.159701493,24164.46269,60.9,50.7,62.7,40.8,61,5,39093,0.876,70.7,14,8.1,14.3,0.102711475,55496.2,34.43826667,55.31733333,0.4852,12.6,49.28,720,0.18,0.17,0.13,369575,8088106
Georgia,GA,Atlanta,33.040619,-83.643074,AL;FL;NC;SC;TN,10617423,0.0318,0,21.7345912,9.110062893,21334.98113,63.2,60,68.8,38,56.9,6.7,43913,0.863,63.5,13.3,6.8,16,0.11400108,50615.16667,44.065,58.43166667,0.4813,15,60.26,880,0.17,0.12,0.14,214311,3670380
Hawaii,HI,Honolulu,21.094318,-157.498337,CA,1415872,0.0043,1,12.1,4.72,32644.6,,,,,,2.7,50320,0.916,70,12.1,15.6,10.1,,,,,0.442,4.5,36.49,390,0.17,0.15,0.04,25272,521036
Idaho,ID,Boise,44.240459,-114.478828,MT;NV;OR;UT;WA;WY,1792065,0.0053,0,16.20227273,6.243181818,22381.13636,40.7,52.9,44.5,44.2,44.7,1.9,35467,0.902,44.4,21.4,8.1,11.2,0.07246352,68840,16.271,16.41,0.4503,14.6,45.5,670,0.17,0.15,0.11,19958,441527
Illinois,IL,Springfield,40.349457,-88.986137,IA;IN;KY;MO;WI,12671821,0.0385,1,14.13235294,7.325490196,26170.39216,62.5,48.3,50.9,51.2,55.2,7.8,53432,0.886,51.8,10.7,5.4,20.5,0.098182457,70988,39.685875,47.85125,0.481,11.7,45.95,480,0.19,0.13,0.07,242533,4488657
Indiana,IN,Indianapolis,39.849426,-86.258278,IL;KY;MI;OH,6732219,0.0202,0,13.54891304,6.306521739,24787.68478,48.9,50.2,56.2,59.3,44.9,6,44797,0.883,51.7,15.4,6.9,15.4,0.113972602,45388.66667,47.22233333,48.16666667,0.4527,15,54.57,650,0.18,0.15,0.08,191955,2980465
Iowa,IA,Des Moines,42.011539,-93.210526,IL;MN;MO;NE;SD;WI,3155070,0.0095,0,11.81818182,4.250505051,27360.37374,62.8,56.6,52.2,49.1,33.7,3.3,50086,0.918,47.8,14.6,6.1,9.3,0.064607279,62800.33333,27.906,23.78333333,0.4451,9.2,49.02,430,0.19,0.15,0.05,43814,717072
Kansas,KS,Topeka,38.5266,-96.726486,CO;MO;NE;OK,2913314,0.0088,0,12.52761905,4.344761905,25430.62857,45.5,48.9,50.8,49,40.1,5.5,46890,0.905,54.3,17.9,6.2,10.6,0.072432069,69382.4,34.2884,34.442,0.455,13.4,60.36,590,0.14,0.14,0.09,62486,1073565
Kentucky,KY,Frankfort,37.66814,-84.670067,IL;IN;MO;OH;TN;VA;WV,4467673,0.0135,0,21.795,8.620833333,21318.16667,53.4,48.1,51.3,62.5,43,5.9,38603,0.852,55.6,16.8,7.4,18.7,0.080114685,63980,39.249,29.99,0.4813,17.5,63.91,780,0.26,0.15,0.06,63314,1166024
Louisiana,LA,Baton Rouge,31.169546,-91.867805,AR;MS;TX,4648794,0.0141,0,22.0515625,8.65,22393.73438,52.2,49.7,45,60.4,53.7,12.4,44293,0.843,66.4,14.2,6.1,21.6,0.082029741,53636,59.25375,58.36,0.499,21.3,65.88,970,0.29,0.13,0.08,110309,1652075
Maine,ME,Augusta,44.693947,-69.381927,NH,1344212,0.004,1,14.63125,6.625,26496.125,44.2,32.8,24,71,50.8,1.7,38450,0.921,41,15.9,7.6,10.7,,,,,0.4519,8.3,34,300,0.18,0.17,0.08,23772,471647
Maryland,MD,Annapolis,39.063946,-76.802101,DC;DE;PA;VA;WV,6045680,0.0183,1,11.27916667,6.695833333,33756.625,35.2,37.3,37.5,49.4,56.6,9,54894,0.898,54.2,9.4,6.3,14.2,0.130676135,51032,62.072,71.92,0.4499,11.9,45.5,470,0.19,0.13,0.06,101767,2080314
Massachusetts,MA,Boston,42.230171,-71.530106,CT;NH;NY;RI;VT,6949503,0.0209,1,11.55714286,6.607142857,36664.42857,44.4,40.7,32.2,63.8,59.6,2.5,64507,0.903,47.9,8.8,5.8,11.6,0.098623539,61017.66667,33.02916667,47.33,0.4786,3.4,35.12,280,0.23,0.13,0.03,162318,3247864
Michigan,MI,Lansing,43.326618,-84.536095,IN;OH;WI,9986857,0.0302,0,16.34216867,8.707228916,24387.87952,55.2,54.7,53,48.6,43.4,5.7,42631,0.902,44.4,13.3,5.9,16.3,0.126175144,56699.33333,33.57944444,37.49555556,0.4695,12.3,48.93,570,0.22,0.15,0.05,154743,2915039
Minnesota,MN,Saint Paul,45.694454,-93.900192,IA;ND;SD;WI,5639632,0.017,1,11.25287356,4.398850575,28533.75862,52.9,61.6,52.5,43.4,38.5,2,53380,0.928,41.2,13.2,5.6,9,0.069724808,69968.25,35.29925,29.6975,0.4496,7.6,47.84,290,0.18,0.14,0.04,93132,1918799
Mississippi,MS,Jackson,32.741646,-89.678696,AL;AR;LA;TN,2976149,0.009,0,25.56707317,11.05731707,19353.09756,56.8,63.3,59.7,52,46.2,8.2,31633,0.834,63.4,12.7,7,19.8,0.121247508,39196,59.448,82.58,0.4828,19.9,78.86,960,0.23,0.14,0.12,29608,432527
Missouri,MO,Jefferson City,38.456085,-92.288368,AR;IA;IL;KS;KY;NE;OK;TN,6137428,0.0185,0,17.80434783,6.752173913,22047.10435,62.9,59.3,60.8,48.3,45.7,9.8,42943,0.892,54.5,18.4,6.9,13.4,0.083405218,56241,35.7142,32.064,0.4646,19,59.6,730,0.15,0.16,0.09,72575,1360123
Montana,MT,Helena,46.921925,-110.454353,ID;ND;SD;WY,1068778,0.0032,0,15.29464286,5.083928571,25891.98214,33.1,52.3,56.1,43,55,3.9,39686,0.93,42.7,25.9,7.8,10.8,0.039386932,66212,25.986,13.83,0.4667,18.9,46.11,550,0.21,0.17,0.08,11782,303136
Nebraska,NE,Lincoln,41.12537,-98.268082,CO;IA;KS;MO;SD;WY,1934408,0.0058,0,11.67526882,3.161290323,26914.74194,60,62.9,64.3,41.6,34.3,2.2,52878,0.909,48.8,13.1,6.5,9.4,0.058059372,65395,41.389,25.36,0.4477,9.1,49.65,460,0.13,0.14,0.08,37839,628011
Nevada,NV,Carson City,38.313515,-117.055374,AZ;CA;ID;OR;UT,3080156,0.0092,1,13.80588235,8.558823529,27107.47059,46.4,31.8,55.8,44,61.3,2.3,43649,0.858,49.9,21.4,28.4,13,0.101153968,62500.25,27.889,48.735,0.4577,16.8,33.61,680,0.19,0.14,0.11,70943,1466459
New Hampshire,NH,Concord,43.452492,-71.563896,MA;ME;VT,1359711,0.0041,1,9.77,5.14,32780.7,40.2,53.5,38,61.8,48.7,1,50456,0.928,43.8,17.2,7,8.6,0.068730548,67566,27.514,19.97,0.4304,9.3,36.97,330,0.14,0.17,0.05,43338,781498
New Jersey,NJ,Trenton,40.298904,-74.521011,DE;NY;PA,8882190,0.0269,1,10.6047619,8.019047619,37057.33333,59.9,44.6,40.8,56.4,57.6,3.6,56472,0.892,52.7,7.2,5.7,11.9,0.143713024,42556.66667,37.62183333,87.85333333,0.4813,5.5,39.48,360,0.17,0.13,0.07,136509,2655937
New Mexico,NM,Santa Fe,34.840515,-106.248482,AZ;CO;OK;TX;UT,2096829,0.0063,1,21.53333333,8.078787879,22062.09091,32.4,45.4,58.5,51.6,62,7.1,41577,0.85,53.4,22.5,6.4,20.5,0.082341,59513,31.699,59.08,0.4769,18.1,45.43,710,0.33,0.15,0.09,28915,686454
New York,NY,Albany,42.165726,-74.948051,CT;MA;NJ;PA;VT,19453561,0.0591,1,14.28225806,7.272580645,28935.69355,47,29.8,37.7,62.7,64.5,2.8,64093,0.861,45.4,8.1,7.5,17.6,0.105761733,50508.83333,49.91983333,57.08166667,0.5229,4.4,39.42,380,0.26,0.13,0.05,449713,9086883
North Carolina,NC,Raleigh,35.630066,-79.806419,GA;SC;TN;VA,10488084,0.0314,0,18.989,9.334,23173.85,51,63.6,68.4,44.8,49.6,5.8,44096,0.869,59,13,7,13.9,0.097755353,58169.875,44.312625,51.84375,0.478,13.7,60.67,530,0.18,0.15,0.11,174427,3290001
North Dakota,ND,Bismarck,47.528912,-99.784012,MN;MT;SD,762062,0.0023,0,11.09245283,2.771698113,32847.64151,52.4,52.4,51.4,49.6,21.8,1.3,67305,0.923,40.4,19,6,9,0.038087696,69709,26.568,13.13,0.4533,11.9,51.44,410,0.12,0.13,0.08,9343,135013
Ohio,OH,Columbus,40.388783,-82.764915,IN;KY;MI;PA;WV,11689100,0.0353,0,14.93295455,6.955681818,25190.28409,54.6,45.9,46.5,58.5,46,6.1,46826,0.898,50.7,14.2,6,15.2,0.132447047,42689.33333,45.98044444,43.17444444,0.468,12.9,52.3,610,0.21,0.15,0.06,188989,3205409
Oklahoma,OK,Oklahoma City,35.565342,-96.928917,AR;CO;KS;MO;NM;TX,3956971,0.0119,0,17.14545455,6.02987013,23327.68831,39.7,54.3,54.7,52.1,42.2,6.2,45864,0.875,59.6,21,6.7,14.2,0.060771229,60624.33333,30.636,37.76666667,0.4645,19.6,75.03,990,0.18,0.15,0.14,56700,961511
Oregon,OR,Salem,44.572021,-122.070938,CA;ID;NV;WA,4217737,0.0127,1,16.60277778,8.830555556,25212.63889,30.9,59.1,45.8,39.5,58.8,2.5,49792,0.902,48.4,17.8,6.9,13,0.097694488,61025.75,25.815,28.5175,0.4583,11.9,30.07,500,0.22,0.16,0.07,91390,2228555
Pennsylvania,PA,Harrisburg,40.590752,-77.209755,DE;MD;NJ;NY;OH;WV,12801989,0.0387,0,12.95223881,6.634328358,26685.95522,54.6,42.8,52.4,61.4,49.6,5.8,50418,0.899,48.8,14.7,5.8,14.8,0.110045403,47165.8,42.3716,42.89,0.4689,12,52.75,640,0.2,0.16,0.06,199189,4097676
Rhode Island,RI,Providence,41.680893,-71.51178,CT;MA,1059361,0.0032,1,10.34,6.78,36781.6,43.3,35.2,48.5,61.9,59.4,1.9,47118,0.873,50.1,11.2,6.7,13,0.126973867,44342,46.892,64.08,0.4781,4.1,43.23,290,0.23,0.14,0.04,18908,353475
South Carolina,SC,Columbia,33.856892,-80.945007,GA;NC,5148714,0.0154,0,20.46304348,9.867391304,22105.91304,60,55.4,69.6,45.7,55.3,7.8,36796,0.865,62.4,15.7,6.6,14.6,0.087043524,66834,54.4695,40.695,0.4735,17.7,61.39,640,0.19,0.16,0.1,67278,1275832
South Dakota,SD,Pierre,44.299782,-99.438828,IA;MN;MT;ND;NE;WY,884659,0.0027,0,16.35,5.221212121,26209.37879,58.7,56.7,55.8,36.1,41.9,2.9,47706,0.914,45.2,20.2,7.2,10.8,0.045247197,68785,33.655,16.79,0.4495,13.4,51.14,670,0.13,0.15,0.09,11196,215478
Tennessee,TN,Nashville,35.747845,-86.692345,AL;AR;GA;KY;MO;MS;NC;VA,6833174,0.0205,0,19.04736842,8.448421053,22171.14737,51.3,66.6,62,49,50.1,7.8,42797,0.865,57.6,16.3,8.6,16.4,0.09162711,53610.5,45.70816667,42.69,0.479,17.1,68.81,720,0.21,0.15,0.1,117993,2117680
Texas,TX,Austin,31.054487,-97.563461,AR;LA;NM;OK,28995881,0.0868,0,16.77283465,6.346850394,24076.55906,55.2,52.3,54.4,44.3,52.7,5,54421,0.828,64.8,12.6,7.1,18.2,0.072112197,59594.10714,34.48228571,62.785,0.48,12.1,67.54,780,0.17,0.1,0.18,646939,11148421
Utah,UT,Salt Lake City,40.150032,-111.862434,AZ;CO;ID;NM;NV;WY,3205958,0.0096,0,12.67931034,5.327586207,23353.7931,55.8,69.4,54.5,30.4,47.7,2.4,44204,0.918,48.6,21.8,9,8.3,0.063220819,61050.33333,29.259,28.53666667,0.4063,12.9,49.69,380,0.1,0.1,0.09,42220,715636
Vermont,VT,Montpelier,44.045876,-72.710686,MA;NH;NY,623989,0.0019,1,11.73571429,5.242857143,29297.64286,26.5,60,38.2,55.8,54.2,2.2,43495,0.923,42.9,17.3,8.3,10.9,,,,,0.4539,11.1,37.23,280,0.23,0.16,0.04,8630,225384
Virginia,VA,Richmond,37.769337,-78.169968,DC;KY;MD;NC;TN;WV,8535519,0.0258,1,14.79398496,6.619548872,27781.3985,48.5,47.4,45.3,44.7,57.1,5.3,51716,0.89,55.1,13.2,7,11,0.08637109,65729.22222,41.77077778,50.62333333,0.4705,12.1,57.37,680,0.12,0.14,0.09,133012,2549789
Washington,WA,Olympia,47.400902,-121.490494,AK;ID;OR,7614893,0.0228,1,15.64871795,7.58974359,26547.92308,30.6,55.8,45,36.9,56.6,3.1,55780,0.908,48.3,14.9,6.2,11.1,0.08305254,74533.66667,24.6815,33.05833333,0.4591,9,31.06,410,0.21,0.13,0.07,170773,3543574
West Virginia,WV,Charleston,38.491226,-80.954453,KY;MD;OH;PA;VA,1787147,0.0055,0,18.37454545,8.354545455,22165.03636,38.5,51.8,42.6,79.2,36.8,4.7,36453,0.859,51.8,19.3,6.4,17.4,,,,,0.4711,17.5,52.48,550,0.26,0.19,0.06,21878,390130
Wisconsin,WI,Madison,44.268543,-89.616508,IA;IL;MI;MN,5822434,0.0176,0,12.18888889,5.398611111,27172.34722,69.8,57.8,47.6,48.6,35.7,3.2,46859,0.917,43.1,14.7,5.6,10.4,0.081213512,57911.66667,39.017,38.97333333,0.4498,11.4,46.91,620,0.17,0.15,0.06,71457,1482780
Wyoming,WY,Cheyenne,42.755966,-107.30249,CO;ID;MT;NE;SD;UT,578759,0.0017,0,11.69130435,4.526086957,29585.13043,46,40.7,42.4,46.1,42.4,2.6,60908,0.928,42,25.2,7.1,8.9,,,,,0.436,17.4,51.94,660,0.1,0.15,0.11,5126,118533